{
  "best_params": {
    "booster": "gbtree",
    "colsample_bytree": 0.7559388330342994,
    "early_stopping_round": 45,
    "eval_metric": "mlogloss",
    "gamma": 0.6048994967142515,
    "grow_policy": "lossguide",
    "importance_type": "weight",
    "learning_rate": 0.05418323199944296,
    "max_delta_steps": 0,
    "max_depth": 4,
    "min_child_weight": 1.4448989679794155,
    "n_estimators": 170,
    "n_jobs": 4,
    "objective": "multi:softprob",
    "random_state": 14,
    "reg_alpha": 0.005452606360569069,
    "silent": 1,
    "subsample": 0.5088281347346154,
    "tree_method": "exact"
  },
  "best_loss": 0.07639825836758063
}