{"learner":{"attributes":{"best_iteration":"16","best_score":"0.9307692307692308"},"feature_names":[],"feature_types":[],"gradient_booster":{"model":{"cats":{"enc":[],"feature_segments":[],"sorted_idx":[]},"gbtree_model_param":{"num_parallel_tree":"1","num_trees":"96"},"iteration_indptr":[0,3,6,9,12,15,18,21,24,27,30,33,36,39,42,45,48,51,54,57,60,63,66,69,72,75,78,81,84,87,90,93,96],"tree_info":[0,1,2,0,1,2,0,1,2,0,1,2,0,1,2,0,1,2,0,1,2,0,1,2,0,1,2,0,1,2,0,1,2,0,1,2,0,1,2,0,1,2,0,1,2,0,1,2,0,1,2,0,1,2,0,1,2,0,1,2,0,1,2,0,1,2,0,1,2,0,1,2,0,1,2,0,1,2,0,1,2,0,1,2,0,1,2,0,1,2,0,1,2,0,1,2],"trees":[{"base_weights":[2.6239595E-1,-6.68703E-2,2.641478E-1],"categories":[],"categories_nodes":[],"categories_segments":[],"categories_sizes":[],"default_left":[0,0,0],"id":0,"left_children":[1,-1,-1],"loss_changes":[6.305182E0,0E0,0E0],"parents":[2147483647,0,0],"right_children":[2,-1,-1],"split_conditions":[9.1915E1,-6.68703E-2,2.641478E-1],"split_indices":[15,0,0],"split_type":[0,0,0],"sum_hessian":[7.976101E0,5.5591006E0,2.4170003E0],"tree_param":{"num_deleted":"0","num_feature":"23","num_nodes":"3","size_leaf_vector":"1"}},{"base_weights":[-1.9568785E-1,1.4904271E-1,-1.0223861E-1],"categories":[],"categories_nodes":[],"categories_segments":[],"categories_sizes":[],"default_left":[0,0,0],"id":1,"left_children":[1,-1,-1],"loss_changes":[4.06457E0,0E0,0E0],"parents":[2147483647,0,0],"right_children":[2,-1,-1],"split_conditions":[1.0609E2,1.4904271E-1,-1.0223861E-1],"split_indices":[1,0,0],"split_type":[0,0,0],"sum_hessian":[1.0876501E1,2.4170003E0,8.459501E0],"tree_param":{"num_deleted":"0","num_feature":"23","num_nodes":"3","size_leaf_vector":"1"}},{"base_weights":[-1.6187236E-3,-2.067769E-1,2.867059E-1,1.0158359E-1,-3.2570194E-2],"categories":[],"categories_nodes":[],"categories_segments":[],"categories_sizes":[],"default_left":[0,0,0,0,0],"id":2,"left_children":[1,-1,3,-1,-1],"loss_changes":[5.380039E0,0E0,1.5359949E0,0E0,0E0],"parents":[2147483647,0,0,2,2],"right_children":[2,-1,4,-1,-1],"split_conditions":[5.5173E1,-2.067769E-1,1.1875E3,1.0158359E-1,-3.2570194E-2],"split_indices":[2,0,19,0,0],"split_type":[0,0,0,0,0],"sum_hessian":[1.5767616E1,2.830085E0,1.2937531E1,8.490255E0,4.4472766E0],"tree_param":{"num_deleted":"0","num_feature":"23","num_nodes":"5","size_leaf_vector":"1"}},{"base_weights":[1.1864703E-1,-7.181548E-2,1.8429188E-1],"categories":[],"categories_nodes":[],"categories_segments":[],"categories_sizes":[],"default_left":[0,0,0],"id":3,"left_children":[1,-1,-1],"loss_changes":[4.5902004E0,0E0,0E0],"parents":[2147483647,0,0],"right_children":[2,-1,-1],"split_conditions":[9.1211E1,-7.181548E-2,1.8429188E-1],"split_indices":[15,0,0],"split_type":[0,0,0],"sum_hessian":[9.721301E0,6.4546227E0,3.2666783E0],"tree_param":{"num_deleted":"0","num_feature":"23","num_nodes":"3","size_leaf_vector":"1"}},{"base_weights":[-2.8701609E-3,1.5128778E-1,-9.552687E-2],"categories":[],"categories_nodes":[],"categories_segments":[],"categories_sizes":[],"default_left":[0,0,0],"id":4,"left_children":[1,-1,-1],"loss_changes":[3.973137E0,0E0,0E0],"parents":[2147483647,0,0],"right_children":[2,-1,-1],"split_conditions":[1.465645E2,1.5128778E-1,-9.552687E-2],"split_indices":[14,0,0],"split_type":[0,0,0],"sum_hessian":[8.6565275E0,3.0991693E0,5.5573583E0],"tree_param":{"num_deleted":"0","num_feature":"23","num_nodes":"3","size_leaf_vector":"1"}},{"base_weights":[1.03039734E-1,4.4576415E-1,-3.7548345E-1,-1.6893853E-1,5.497029E-2,-1.8461198E-2,1.1989647E-1],"categories":[],"categories_nodes":[],"categories_segments":[],"categories_sizes":[],"default_left":[0,0,0,0,0,0,0],"id":5,"left_children":[1,5,3,-1,-1,-1,-1],"loss_changes":[3.1015973E0,1.0222204E0,2.7775407E0,0E0,0E0,0E0,0E0],"parents":[2147483647,0,0,2,2,1,1],"right_children":[2,6,4,-1,-1,-1,-1],"split_conditions":[1.68795E2,6.0144E1,5.0103E1,-1.6893853E-1,5.497029E-2,-1.8461198E-2,1.1989647E-1],"split_indices":[9,9,0,0,0,0,0],"split_type":[0,0,0,0,0,0,0],"sum_hessian":[1.6889673E1,9.886085E0,7.003589E0,3.8534307E0,3.1501586E0,2.3969727E0,7.489112E0],"tree_param":{"num_deleted":"0","num_feature":"23","num_nodes":"7","size_leaf_vector":"1"}},{"base_weights":[-2.3222062E-1,6.7415093E-3,-9.3659E-2],"categories":[],"categories_nodes":[],"categories_segments":[],"categories_sizes":[],"default_left":[0,0,0],"id":6,"left_children":[1,-1,-1],"loss_changes":[6.656707E-1,0E0,0E0],"parents":[2147483647,0,0],"right_children":[2,-1,-1],"split_conditions":[1.23E2,6.7415093E-3,-9.3659E-2],"split_indices":[6,0,0],"split_type":[0,0,0],"sum_hessian":[8.956835E0,4.6842346E0,4.2726007E0],"tree_param":{"num_deleted":"0","num_feature":"23","num_nodes":"3","size_leaf_vector":"1"}},{"base_weights":[1.8375452E-1,8.9535666E-1,-9.4249226E-2,2.7050618E-2,2.8324798E-1],"categories":[],"categories_nodes":[],"categories_segments":[],"categories_sizes":[],"default_left":[0,0,0,0,0],"id":7,"left_children":[1,3,-1,-1,-1],"loss_changes":[5.6609883E0,2.148777E0,0E0,0E0,0E0],"parents":[2147483647,0,0,1,1],"right_children":[2,4,-1,-1,-1],"split_conditions":[1.465645E2,1.301E3,-9.4249226E-2,2.7050618E-2,2.8324798E-1],"split_indices":[14,19,0,0,0],"split_type":[0,0,0,0,0],"sum_hessian":[1.0085605E1,4.698476E0,5.387129E0,2.4924307E0,2.2060454E0],"tree_param":{"num_deleted":"0","num_feature":"23","num_nodes":"5","size_leaf_vector":"1"}},{"base_weights":[-2.443284E-2,-5.4153293E-1,3.0163884E-1,-1.64674E-1,-1.4312927E-2,8.853751E-2,-2.2522558E-2],"categories":[],"categories_nodes":[],"categories_segments":[],"categories_sizes":[],"default_left":[0,0,0,0,0,0,0],"id":8,"left_children":[1,3,5,-1,-1,-1,-1],"loss_changes":[2.646311E0,7.750381E-1,6.5052617E-1,0E0,0E0,0E0,0E0],"parents":[2147483647,0,0,1,1,2,2],"right_children":[2,4,6,-1,-1,-1,-1],"split_conditions":[1.815E1,7.33E2,1.1790911E5,-1.64674E-1,-1.4312927E-2,8.853751E-2,-2.2522558E-2],"split_indices":[12,5,3,0,0,0,0],"split_type":[0,0,0,0,0,0,0],"sum_hessian":[1.3720147E1,5.055143E0,8.665005E0,2.6117811E0,2.4433615E0,6.3322906E0,2.3327136E0],"tree_param":{"num_deleted":"0","num_feature":"23","num_nodes":"7","size_leaf_vector":"1"}},{"base_weights":[-1.438334E-1,8.091827E-2,-9.6547894E-2],"categories":[],"categories_nodes":[],"categories_segments":[],"categories_sizes":[],"default_left":[0,0,0],"id":9,"left_children":[1,-1,-1],"loss_changes":[2.1896918E0,0E0,0E0],"parents":[2147483647,0,0],"right_children":[2,-1,-1],"split_conditions":[7.2E2,8.091827E-2,-9.6547894E-2],"split_indices":[5,0,0],"split_type":[0,0,0],"sum_hessian":[9.310443E0,3.505426E0,5.805017E0],"tree_param":{"num_deleted":"0","num_feature":"23","num_nodes":"3","size_leaf_vector":"1"}},{"base_weights":[-5.6629073E-2,1.12799644E-1,-9.416647E-2],"categories":[],"categories_nodes":[],"categories_segments":[],"categories_sizes":[],"default_left":[0,0,0],"id":10,"left_children":[1,-1,-1],"loss_changes":[3.0738177E0,0E0,0E0],"parents":[2147483647,0,0],"right_children":[2,-1,-1],"split_conditions":[1.465645E2,1.12799644E-1,-9.416647E-2],"split_indices":[14,0,0],"split_type":[0,0,0],"sum_hessian":[9.5214205E0,3.6720715E0,5.8493485E0],"tree_param":{"num_deleted":"0","num_feature":"23","num_nodes":"3","size_leaf_vector":"1"}},{"base_weights":[-7.197913E-2,-1.4449394E-1,1.6202216E-1,4.2601568E-1,-1.0785572E-1,-1.8702835E-2,1.15160584E-1],"categories":[],"categories_nodes":[],"categories_segments":[],"categories_sizes":[],"default_left":[0,0,0,0,0,0,0],"id":11,"left_children":[1,-1,3,5,-1,-1,-1],"loss_changes":[3.0393739E0,0E0,2.99406E0,9.973116E-1,0E0,0E0,0E0],"parents":[2147483647,0,0,2,2,3,3],"right_children":[2,-1,4,6,-1,-1,-1],"split_conditions":[5.5173E1,-1.4449394E-1,9.4003E1,1.7386041E4,-1.0785572E-1,-1.8702835E-2,1.15160584E-1],"split_indices":[2,0,2,3,0,0,0],"split_type":[0,0,0,0,0,0,0],"sum_hessian":[1.7814955E1,4.0947227E0,1.3720233E1,1.0299331E1,3.4209018E0,2.5032156E0,7.7961154E0],"tree_param":{"num_deleted":"0","num_feature":"23","num_nodes":"7","size_leaf_vector":"1"}},{"base_weights":[1.2818736E-1,2.0940302E-1,-2.6645193E-1,-9.239189E-2,3.6165785E-2],"categories":[],"categories_nodes":[],"categories_segments":[],"categories_sizes":[],"default_left":[0,0,0,0,0],"id":12,"left_children":[1,-1,3,-1,-1],"loss_changes":[4.1301093E0,0E0,8.304861E-1,0E0,0E0],"parents":[2147483647,0,0,2,2],"right_children":[2,-1,4,-1,-1],"split_conditions":[6.72E2,2.0940302E-1,9.462E1,-9.239189E-2,3.6165785E-2],"split_indices":[5,0,2,0,0],"split_type":[0,0,0,0,0],"sum_hessian":[9.397291E0,2.2853677E0,7.111923E0,4.8759694E0,2.2359536E0],"tree_param":{"num_deleted":"0","num_feature":"23","num_nodes":"5","size_leaf_vector":"1"}},{"base_weights":[-1.9183208E-1,7.664069E-2,-9.389208E-2],"categories":[],"categories_nodes":[],"categories_segments":[],"categories_sizes":[],"default_left":[0,0,0],"id":13,"left_children":[1,-1,-1],"loss_changes":[1.6699135E0,0E0,0E0],"parents":[2147483647,0,0],"right_children":[2,-1,-1],"split_conditions":[8.2E1,7.664069E-2,-9.389208E-2],"split_indices":[7,0,0],"split_type":[0,0,0],"sum_hessian":[7.9315476E0,2.4876037E0,5.443944E0],"tree_param":{"num_deleted":"0","num_feature":"23","num_nodes":"3","size_leaf_vector":"1"}},{"base_weights":[1.582136E-2,1.8977036E-1,-1.1900792E-1,4.2521432E-1,-6.2362496E-2,2.086889E-2,1.1003832E-1],"categories":[],"categories_nodes":[],"categories_segments":[],"categories_sizes":[],"default_left":[0,0,0,0,0,0,0],"id":14,"left_children":[1,3,-1,5,-1,-1,-1],"loss_changes":[2.0460923E0,1.8950107E0,0E0,3.8803887E-1,0E0,0E0,0E0],"parents":[2147483647,0,0,1,1,3,3],"right_children":[2,4,-1,6,-1,-1,-1],"split_conditions":[9.10184E2,1.36E2,-1.1900792E-1,1.12E2,-6.2362496E-2,2.086889E-2,1.1003832E-1],"split_indices":[14,17,0,17,0,0,0],"split_type":[0,0,0,0,0,0,0],"sum_hessian":[1.6894585E1,1.3745197E1,3.1493878E0,9.501124E0,4.244073E0,3.3540134E0,6.1471114E0],"tree_param":{"num_deleted":"0","num_feature":"23","num_nodes":"7","size_leaf_vector":"1"}},{"base_weights":[-8.332336E-2,-9.456596E-2,1.1104731E-1],"categories":[],"categories_nodes":[],"categories_segments":[],"categories_sizes":[],"default_left":[0,0,0],"id":15,"left_children":[1,-1,-1],"loss_changes":[3.0260792E0,0E0,0E0],"parents":[2147483647,0,0],"right_children":[2,-1,-1],"split_conditions":[9.32125E1,-9.456596E-2,1.1104731E-1],"split_indices":[15,0,0],"split_type":[0,0,0],"sum_hessian":[9.694109E0,6.1718793E0,3.52223E0],"tree_param":{"num_deleted":"0","num_feature":"23","num_nodes":"3","size_leaf_vector":"1"}},{"base_weights":[1.7915994E-2,1.425681E-1,-2.7238914E-1,-9.142794E-2,2.9648487E-2],"categories":[],"categories_nodes":[],"categories_segments":[],"categories_sizes":[],"default_left":[0,0,0,0,0],"id":16,"left_children":[1,-1,3,-1,-1],"loss_changes":[2.3699338E0,0E0,7.4099493E-1,0E0,0E0],"parents":[2147483647,0,0,2,2],"right_children":[2,-1,4,-1,-1],"split_conditions":[5.0491E1,1.425681E-1,1.911E3,-9.142794E-2,2.9648487E-2],"split_indices":[8,0,10,0,0],"split_type":[0,0,0,0,0],"sum_hessian":[9.575105E0,2.3553615E0,7.2197433E0,4.900898E0,2.3188453E0],"tree_param":{"num_deleted":"0","num_feature":"23","num_nodes":"5","size_leaf_vector":"1"}},{"base_weights":[-4.948867E-2,-3.804065E-1,8.512083E-2,-1.5517934E-1,5.3470857E-2,-6.534897E-2,8.243059E-2],"categories":[],"categories_nodes":[],"categories_segments":[],"categories_sizes":[],"default_left":[0,0,0,0,0,0,0],"id":17,"left_children":[1,3,-1,-1,5,-1,-1],"loss_changes":[2.5435147E0,1.7079732E0,0E0,0E0,9.127461E-1,0E0,0E0],"parents":[2147483647,0,0,1,1,4,4],"right_children":[2,4,-1,-1,6,-1,-1],"split_conditions":[1.086E2,3.233182E4,8.512083E-2,-1.5517934E-1,8.27E1,-6.534897E-2,8.243059E-2],"split_indices":[7,11,0,0,7,0,0],"split_type":[0,0,0,0,0,0,0],"sum_hessian":[1.3905465E1,8.377513E0,5.527952E0,3.897266E0,4.480247E0,2.2192838E0,2.2609632E0],"tree_param":{"num_deleted":"0","num_feature":"23","num_nodes":"7","size_leaf_vector":"1"}},{"base_weights":[-1.08907975E-1,1.1632217E-1,-7.72857E-2],"categories":[],"categories_nodes":[],"categories_segments":[],"categories_sizes":[],"default_left":[0,0,0],"id":18,"left_children":[1,-1,-1],"loss_changes":[2.3878183E0,0E0,0E0],"parents":[2147483647,0,0],"right_children":[2,-1,-1],"split_conditions":[6.72E2,1.1632217E-1,-7.72857E-2],"split_indices":[5,0,0],"split_type":[0,0,0],"sum_hessian":[9.836227E0,2.5219994E0,7.314228E0],"tree_param":{"num_deleted":"0","num_feature":"23","num_nodes":"3","size_leaf_vector":"1"}},{"base_weights":[1.3501413E-1,5.9852535E-1,-9.269902E-2,2.0551766E-1,8.625054E-3],"categories":[],"categories_nodes":[],"categories_segments":[],"categories_sizes":[],"default_left":[0,0,0,0,0],"id":19,"left_children":[1,3,-1,-1,-1],"loss_changes":[3.4377058E0,1.6355546E0,0E0,0E0,0E0],"parents":[2147483647,0,0,1,1],"right_children":[2,4,-1,-1,-1],"split_conditions":[2.9254025E5,7.66E1,-9.269902E-2,2.0551766E-1,8.625054E-3],"split_indices":[4,18,0,0,0],"split_type":[0,0,0,0,0],"sum_hessian":[1.0225266E1,5.8065333E0,4.4187326E0,2.722978E0,3.0835552E0],"tree_param":{"num_deleted":"0","num_feature":"23","num_nodes":"5","size_leaf_vector":"1"}},{"base_weights":[-9.353439E-2,-3.140545E-1,9.6897885E-2,-6.142614E-1,1.1492442E-1,8.957565E-2,-4.721159E-2,-4.824062E-2,-1.4965646E-1],"categories":[],"categories_nodes":[],"categories_segments":[],"categories_sizes":[],"default_left":[0,0,0,0,0,0,0,0,0],"id":20,"left_children":[1,3,-1,7,5,-1,-1,-1,-1],"loss_changes":[2.2286408E0,1.6536565E0,0E0,2.0909905E-1,8.2246864E-1,0E0,0E0,0E0,0E0],"parents":[2147483647,0,0,1,1,4,4,3,3],"right_children":[2,4,-1,8,6,-1,-1,-1,-1],"split_conditions":[5.25715E1,3.968657E4,9.6897885E-2,-4.5E-2,8.7871E1,8.957565E-2,-4.721159E-2,-4.824062E-2,-1.4965646E-1],"split_indices":[13,11,0,22,8,0,0,0,0],"split_type":[0,0,0,0,0,0,0,0,0],"sum_hessian":[1.5047276E1,1.1276781E1,3.7704945E0,6.3855915E0,4.8911896E0,2.357683E0,2.5335069E0,2.5851026E0,3.800489E0],"tree_param":{"num_deleted":"0","num_feature":"23","num_nodes":"9","size_leaf_vector":"1"}},{"base_weights":[-8.5376635E-2,-8.721667E-2,6.994119E-2],"categories":[],"categories_nodes":[],"categories_segments":[],"categories_sizes":[],"default_left":[0,0,0],"id":21,"left_children":[1,-1,-1],"loss_changes":[1.5459044E0,0E0,0E0],"parents":[2147483647,0,0],"right_children":[2,-1,-1],"split_conditions":[9.1915E1,-8.721667E-2,6.994119E-2],"split_indices":[15,0,0],"split_type":[0,0,0],"sum_hessian":[7.786967E0,4.2994084E0,3.4875581E0],"tree_param":{"num_deleted":"0","num_feature":"23","num_nodes":"3","size_leaf_vector":"1"}},{"base_weights":[6.722522E-2,5.4492694E-1,-8.9289375E-2,1.5885852E-1,2.3286946E-2],"categories":[],"categories_nodes":[],"categories_segments":[],"categories_sizes":[],"default_left":[0,0,0,0,0],"id":22,"left_children":[1,3,-1,-1,-1],"loss_changes":[2.829567E0,5.5856836E-1,0E0,0E0,0E0],"parents":[2147483647,0,0,1,1],"right_children":[2,4,-1,-1,-1],"split_conditions":[8.0571E1,6.38E1,-8.9289375E-2,1.5885852E-1,2.3286946E-2],"split_indices":[2,18,0,0,0],"split_type":[0,0,0,0,0],"sum_hessian":[9.368294E0,4.868775E0,4.4995184E0,2.453289E0,2.4154859E0],"tree_param":{"num_deleted":"0","num_feature":"23","num_nodes":"5","size_leaf_vector":"1"}},{"base_weights":[1.1842829E-1,9.272002E-2,-3.5290578E-1,-1.22014694E-1,-9.103109E-3],"categories":[],"categories_nodes":[],"categories_segments":[],"categories_sizes":[],"default_left":[0,0,0,0,0],"id":23,"left_children":[1,-1,3,-1,-1],"loss_changes":[2.7547069E0,0E0,5.6141603E-1,0E0,0E0],"parents":[2147483647,0,0,2,2],"right_children":[2,-1,4,-1,-1],"split_conditions":[1.3545E3,9.272002E-2,2.477E1,-1.22014694E-1,-9.103109E-3],"split_indices":[19,0,12,0,0],"split_type":[0,0,0,0,0],"sum_hessian":[1.4551377E1,8.324344E0,6.227033E0,2.7717617E0,3.4552712E0],"tree_param":{"num_deleted":"0","num_feature":"23","num_nodes":"5","size_leaf_vector":"1"}},{"base_weights":[7.154428E-2,-8.5933514E-2,4.283972E-1,1.01424595E-2,1.4018905E-1],"categories":[],"categories_nodes":[],"categories_segments":[],"categories_sizes":[],"default_left":[0,0,0,0,0],"id":24,"left_children":[1,-1,3,-1,-1],"loss_changes":[1.844618E0,0E0,5.9008586E-1,0E0,0E0],"parents":[2147483647,0,0,2,2],"right_children":[2,-1,4,-1,-1],"split_conditions":[1.75314E2,-8.5933514E-2,3.426E0,1.01424595E-2,1.4018905E-1],"split_indices":[9,0,22,0,0],"split_type":[0,0,0,0,0],"sum_hessian":[8.133731E0,3.2568357E0,4.8768954E0,2.6121807E0,2.2647147E0],"tree_param":{"num_deleted":"0","num_feature":"23","num_nodes":"5","size_leaf_vector":"1"}},{"base_weights":[1.7364466E-1,1.3299856E-1,-5.5234488E-2],"categories":[],"categories_nodes":[],"categories_segments":[],"categories_sizes":[],"default_left":[0,0,0],"id":25,"left_children":[1,-1,-1],"loss_changes":[2.1614444E0,0E0,0E0],"parents":[2147483647,0,0],"right_children":[2,-1,-1],"split_conditions":[8.9889E1,1.3299856E-1,-5.5234488E-2],"split_indices":[1,0,0],"split_type":[0,0,0],"sum_hessian":[7.6224136E0,3.3920572E0,4.2303567E0],"tree_param":{"num_deleted":"0","num_feature":"23","num_nodes":"3","size_leaf_vector":"1"}},{"base_weights":[3.9429553E-2,9.5130935E-2,-1.6722916E-1,-1.01637125E-1,3.9620906E-2],"categories":[],"categories_nodes":[],"categories_segments":[],"categories_sizes":[],"default_left":[0,0,0,0,0],"id":26,"left_children":[1,-1,3,-1,-1],"loss_changes":[1.4240531E0,0E0,1.4860768E0,0E0,0E0],"parents":[2147483647,0,0,2,2],"right_children":[2,-1,4,-1,-1],"split_conditions":[-1.582E0,9.5130935E-2,1.536E3,-1.01637125E-1,3.9620906E-2],"split_indices":[21,0,10,0,0],"split_type":[0,0,0,0,0],"sum_hessian":[1.3614046E1,3.9025543E0,9.711492E0,4.7843485E0,4.9271426E0],"tree_param":{"num_deleted":"0","num_feature":"23","num_nodes":"5","size_leaf_vector":"1"}},{"base_weights":[1.7447245E-1,-8.825793E-2,6.163781E-1,1.593853E-1,3.283442E-2],"categories":[],"categories_nodes":[],"categories_segments":[],"categories_sizes":[],"default_left":[0,0,0,0,0],"id":27,"left_children":[1,-1,3,-1,-1],"loss_changes":[3.1187108E0,0E0,4.2435384E-1,0E0,0E0],"parents":[2147483647,0,0,2,2],"right_children":[2,-1,4,-1,-1],"split_conditions":[1.74694E2,-8.825793E-2,3.5775E1,1.593853E-1,3.283442E-2],"split_indices":[9,0,0,0,0],"split_type":[0,0,0,0,0],"sum_hessian":[9.316486E0,3.8548422E0,5.461644E0,3.2469165E0,2.2147279E0],"tree_param":{"num_deleted":"0","num_feature":"23","num_nodes":"5","size_leaf_vector":"1"}},{"base_weights":[-1.6625147E-1,-7.5967506E-2,7.063506E-2],"categories":[],"categories_nodes":[],"categories_segments":[],"categories_sizes":[],"default_left":[0,0,0],"id":28,"left_children":[1,-1,-1],"loss_changes":[1.2482686E0,0E0,0E0],"parents":[2147483647,0,0],"right_children":[2,-1,-1],"split_conditions":[1.697E3,-7.5967506E-2,7.063506E-2],"split_indices":[19,0,0],"split_type":[0,0,0],"sum_hessian":[8.595542E0,6.2504706E0,2.3450713E0],"tree_param":{"num_deleted":"0","num_feature":"23","num_nodes":"3","size_leaf_vector":"1"}},{"base_weights":[-1.005795E-2,-9.4409816E-2,3.400727E-1,-0E0,9.5792666E-2],"categories":[],"categories_nodes":[],"categories_segments":[],"categories_sizes":[],"default_left":[0,0,0,0,0],"id":29,"left_children":[1,-1,3,-1,-1],"loss_changes":[2.1656873E0,0E0,3.7919563E-1,0E0,0E0],"parents":[2147483647,0,0,2,2],"right_children":[2,-1,4,-1,-1],"split_conditions":[2.477E1,-9.4409816E-2,8.55E1,-0E0,9.5792666E-2],"split_indices":[12,0,7,0,0],"split_type":[0,0,0,0,0],"sum_hessian":[1.11644125E1,4.6127443E0,6.551668E0,2.2727265E0,4.2789416E0],"tree_param":{"num_deleted":"0","num_feature":"23","num_nodes":"5","size_leaf_vector":"1"}},{"base_weights":[-9.08993E-2,-8.89939E-2,6.1887696E-2],"categories":[],"categories_nodes":[],"categories_segments":[],"categories_sizes":[],"default_left":[0,0,0],"id":30,"left_children":[1,-1,-1],"loss_changes":[1.3579252E0,0E0,0E0],"parents":[2147483647,0,0],"right_children":[2,-1,-1],"split_conditions":[1.88161E2,-8.89939E-2,6.1887696E-2],"split_indices":[9,0,0],"split_type":[0,0,0],"sum_hessian":[7.2831306E0,3.7943547E0,3.488776E0],"tree_param":{"num_deleted":"0","num_feature":"23","num_nodes":"3","size_leaf_vector":"1"}},{"base_weights":[2.1175958E-1,1.080051E-1,-7.821358E-2],"categories":[],"categories_nodes":[],"categories_segments":[],"categories_sizes":[],"default_left":[0,0,0],"id":31,"left_children":[1,-1,-1],"loss_changes":[2.0859847E0,0E0,0E0],"parents":[2147483647,0,0],"right_children":[2,-1,-1],"split_conditions":[8.1586E1,1.080051E-1,-7.821358E-2],"split_indices":[15,0,0],"split_type":[0,0,0],"sum_hessian":[8.077595E0,5.2669945E0,2.8106005E0],"tree_param":{"num_deleted":"0","num_feature":"23","num_nodes":"3","size_leaf_vector":"1"}},{"base_weights":[-7.092106E-2,1.3515396E-1,-1.0488812E-1,-9.580877E-2,3.64587E-1,1.016204E-1,1.1128466E-2],"categories":[],"categories_nodes":[],"categories_segments":[],"categories_sizes":[],"default_left":[0,0,0,0,0,0,0],"id":32,"left_children":[1,3,-1,-1,5,-1,-1],"loss_changes":[1.4305968E0,1.6965362E0,0E0,0E0,3.5980952E-1,0E0,0E0],"parents":[2147483647,0,0,1,1,4,4],"right_children":[2,4,-1,-1,6,-1,-1],"split_conditions":[9.1915E1,4.9724E1,-1.0488812E-1,-9.580877E-2,9.05E0,1.016204E-1,1.1128466E-2],"split_indices":[15,8,0,0,21,0,0],"split_type":[0,0,0,0,0,0,0],"sum_hessian":[1.3238695E1,9.641217E0,3.5974774E0,2.2895699E0,7.3516474E0,4.458308E0,2.8933394E0],"tree_param":{"num_deleted":"0","num_feature":"23","num_nodes":"7","size_leaf_vector":"1"}},{"base_weights":[6.030976E-2,-8.860456E-2,4.479721E-1,1.5147771E-1,2.3760574E-4],"categories":[],"categories_nodes":[],"categories_segments":[],"categories_sizes":[],"default_left":[0,0,0,0,0],"id":33,"left_children":[1,-1,3,-1,-1],"loss_changes":[2.1807778E0,0E0,8.868325E-1,0E0,0E0],"parents":[2147483647,0,0,2,2],"right_children":[2,-1,4,-1,-1],"split_conditions":[1.88161E2,-8.860456E-2,6.99E2,1.5147771E-1,2.3760574E-4],"split_indices":[9,0,5,0,0],"split_type":[0,0,0,0,0],"sum_hessian":[8.992566E0,3.8052597E0,5.1873064E0,2.5875103E0,2.5997958E0],"tree_param":{"num_deleted":"0","num_feature":"23","num_nodes":"5","size_leaf_vector":"1"}},{"base_weights":[1.8420877E-1,4.7558314E-1,-8.325296E-2,1.2666307E-1,1.2969653E-2],"categories":[],"categories_nodes":[],"categories_segments":[],"categories_sizes":[],"default_left":[0,0,0,0,0],"id":34,"left_children":[1,3,-1,-1,-1],"loss_changes":[1.9841053E0,4.5719576E-1,0E0,0E0,0E0],"parents":[2147483647,0,0,1,1],"right_children":[2,4,-1,-1,-1],"split_conditions":[2.9254025E5,3.54688E4,-8.325296E-2,1.2666307E-1,1.2969653E-2],"split_indices":[4,11,0,0,0],"split_type":[0,0,0,0,0],"sum_hessian":[9.06957E0,6.281113E0,2.7884562E0,4.0379057E0,2.2432072E0],"tree_param":{"num_deleted":"0","num_feature":"23","num_nodes":"5","size_leaf_vector":"1"}},{"base_weights":[-2.9278388E-3,1.429537E-1,-9.872476E-2,-4.7354132E-2,8.159779E-2],"categories":[],"categories_nodes":[],"categories_segments":[],"categories_sizes":[],"default_left":[0,0,0,0,0],"id":35,"left_children":[1,3,-1,-1,-1],"loss_changes":[1.0393043E0,1.2528249E0,0E0,0E0,0E0],"parents":[2147483647,0,0,1,1],"right_children":[2,4,-1,-1,-1],"split_conditions":[9.4003E1,5.5173E1,-9.872476E-2,-4.7354132E-2,8.159779E-2],"split_indices":[2,2,0,0,0],"split_type":[0,0,0,0,0],"sum_hessian":[1.2268952E1,1.00397835E1,2.2291694E0,4.2055116E0,5.834272E0],"tree_param":{"num_deleted":"0","num_feature":"23","num_nodes":"5","size_leaf_vector":"1"}},{"base_weights":[2.9499246E-2,2.58199E-1,-8.4529005E-2,-2.9189061E-2,1.1124967E-1],"categories":[],"categories_nodes":[],"categories_segments":[],"categories_sizes":[],"default_left":[0,0,0,0,0],"id":36,"left_children":[1,3,-1,-1,-1],"loss_changes":[1.0405034E0,9.037107E-1,0E0,0E0,0E0],"parents":[2147483647,0,0,1,1],"right_children":[2,4,-1,-1,-1],"split_conditions":[5.3578E1,3.91695E1,-8.4529005E-2,-2.9189061E-2,1.1124967E-1],"split_indices":[13,13,0,0,0],"split_type":[0,0,0,0,0],"sum_hessian":[7.855152E0,5.542344E0,2.3128083E0,2.6036055E0,2.9387386E0],"tree_param":{"num_deleted":"0","num_feature":"23","num_nodes":"5","size_leaf_vector":"1"}},{"base_weights":[-1.9556017E-1,2.8031752E-2,-8.544727E-2],"categories":[],"categories_nodes":[],"categories_segments":[],"categories_sizes":[],"default_left":[0,0,0],"id":37,"left_children":[1,-1,-1],"loss_changes":[5.531578E-1,0E0,0E0],"parents":[2147483647,0,0],"right_children":[2,-1,-1],"split_conditions":[2.4516299E4,2.8031752E-2,-8.544727E-2],"split_indices":[3,0,0],"split_type":[0,0,0],"sum_hessian":[5.065906E0,2.2576847E0,2.8082216E0],"tree_param":{"num_deleted":"0","num_feature":"23","num_nodes":"3","size_leaf_vector":"1"}},{"base_weights":[-1.4906675E-1,-4.6833915E-1,1.6827466E-1,9.072854E-2,-3.071454E-2,-1.2906866E-1,-7.342955E-3],"categories":[],"categories_nodes":[],"categories_segments":[],"categories_sizes":[],"default_left":[0,0,0,0,0,0,0],"id":38,"left_children":[1,5,3,-1,-1,-1,-1],"loss_changes":[1.5282514E0,5.718701E-1,8.243186E-1,0E0,0E0,0E0,0E0],"parents":[2147483647,0,0,2,2,1,1],"right_children":[2,6,4,-1,-1,-1,-1],"split_conditions":[8.1403E1,8.054291E4,1.5301966E5,9.072854E-2,-3.071454E-2,-1.2906866E-1,-7.342955E-3],"split_indices":[2,3,3,0,0,0,0],"split_type":[0,0,0,0,0,0,0],"sum_hessian":[1.3293782E1,6.3959236E0,6.897858E0,3.4090767E0,3.4887815E0,4.0829926E0,2.3129313E0],"tree_param":{"num_deleted":"0","num_feature":"23","num_nodes":"7","size_leaf_vector":"1"}},{"base_weights":[-1.2896912E-1,-6.906994E-2,6.008146E-2],"categories":[],"categories_nodes":[],"categories_segments":[],"categories_sizes":[],"default_left":[0,0,0],"id":39,"left_children":[1,-1,-1],"loss_changes":[8.8385844E-1,0E0,0E0],"parents":[2147483647,0,0],"right_children":[2,-1,-1],"split_conditions":[1.355E2,-6.906994E-2,6.008146E-2],"split_indices":[17,0,0],"split_type":[0,0,0],"sum_hessian":[7.039927E0,4.790455E0,2.2494721E0],"tree_param":{"num_deleted":"0","num_feature":"23","num_nodes":"3","size_leaf_vector":"1"}},{"base_weights":[-1.4868104E-2,2.223034E-1,-8.239411E-2,-3.798084E-2,1.1861178E-1],"categories":[],"categories_nodes":[],"categories_segments":[],"categories_sizes":[],"default_left":[0,0,0,0,0],"id":40,"left_children":[1,3,-1,-1,-1],"loss_changes":[9.659739E-1,1.1276455E0,0E0,0E0,0E0],"parents":[2147483647,0,0,1,1],"right_children":[2,4,-1,-1,-1],"split_conditions":[2.9254025E5,1.7288614E5,-8.239411E-2,-3.798084E-2,1.1861178E-1],"split_indices":[4,4,0,0,0],"split_type":[0,0,0,0,0],"sum_hessian":[8.09865E0,5.3805876E0,2.7180624E0,2.8040233E0,2.5765643E0],"tree_param":{"num_deleted":"0","num_feature":"23","num_nodes":"5","size_leaf_vector":"1"}},{"base_weights":[-8.2419045E-2,-4.9562746E-1,1.763658E-1,7.9763055E-2,-5.166463E-2,-3.331946E-2,-1.2997842E-1],"categories":[],"categories_nodes":[],"categories_segments":[],"categories_sizes":[],"default_left":[0,0,0,0,0,0,0],"id":41,"left_children":[1,5,3,-1,-1,-1,-1],"loss_changes":[1.7133179E0,2.1462297E-1,1.1210438E0,0E0,0E0,0E0,0E0],"parents":[2147483647,0,0,2,2,1,1],"right_children":[2,6,4,-1,-1,-1,-1],"split_conditions":[1.0609E2,1.46045E2,1.0660798E6,7.9763055E-2,-5.166463E-2,-3.331946E-2,-1.2997842E-1],"split_indices":[1,9,4,0,0,0,0],"split_type":[0,0,0,0,0,0,0],"sum_hessian":[1.4192905E1,5.1192923E0,9.073613E0,6.017565E0,3.0560486E0,2.4111106E0,2.7081816E0],"tree_param":{"num_deleted":"0","num_feature":"23","num_nodes":"7","size_leaf_vector":"1"}},{"base_weights":[-2.297893E-1,-7.8095965E-2,3.3122883E-3],"categories":[],"categories_nodes":[],"categories_segments":[],"categories_sizes":[],"default_left":[0,0,0],"id":42,"left_children":[1,-1,-1],"loss_changes":[2.4473667E-1,0E0,0E0],"parents":[2147483647,0,0],"right_children":[2,-1,-1],"split_conditions":[1.27E2,-7.8095965E-2,3.3122883E-3],"split_indices":[17,0,0],"split_type":[0,0,0],"sum_hessian":[4.730823E0,2.4648535E0,2.2659695E0],"tree_param":{"num_deleted":"0","num_feature":"23","num_nodes":"3","size_leaf_vector":"1"}},{"base_weights":[7.096779E-2,1.0307784E-1,-5.29426E-2],"categories":[],"categories_nodes":[],"categories_segments":[],"categories_sizes":[],"default_left":[0,0,0],"id":43,"left_children":[1,-1,-1],"loss_changes":[1.3474078E0,0E0,0E0],"parents":[2147483647,0,0],"right_children":[2,-1,-1],"split_conditions":[7.66E1,1.0307784E-1,-5.29426E-2],"split_indices":[18,0,0],"split_type":[0,0,0],"sum_hessian":[6.8180695E0,2.6967087E0,4.121361E0],"tree_param":{"num_deleted":"0","num_feature":"23","num_nodes":"3","size_leaf_vector":"1"}},{"base_weights":[-3.900314E-2,-2.5817496E-1,8.629584E-2,-1.1386515E-1,5.572939E-3],"categories":[],"categories_nodes":[],"categories_segments":[],"categories_sizes":[],"default_left":[0,0,0,0,0],"id":44,"left_children":[1,3,-1,-1,-1],"loss_changes":[1.2760628E0,7.771804E-1,0E0,0E0,0E0],"parents":[2147483647,0,0,1,1],"right_children":[2,4,-1,-1,-1],"split_conditions":[5.0103E1,7.92055E1,8.629584E-2,-1.1386515E-1,5.572939E-3],"split_indices":[0,15,0,0,0],"split_type":[0,0,0,0,0],"sum_hessian":[1.0110214E1,7.251964E0,2.8582497E0,2.9462109E0,4.305753E0],"tree_param":{"num_deleted":"0","num_feature":"23","num_nodes":"5","size_leaf_vector":"1"}},{"base_weights":[2.4603733E-1,-5.7566658E-2,1.2802628E-1,2.4988974E-2,-4.205159E-2],"categories":[],"categories_nodes":[],"categories_segments":[],"categories_sizes":[],"default_left":[0,0,0,0,0],"id":45,"left_children":[1,3,-1,-1,-1],"loss_changes":[1.0776823E0,1.9305183E-1,0E0,0E0,0E0],"parents":[2147483647,0,0,1,1],"right_children":[2,4,-1,-1,-1],"split_conditions":[9.10184E2,1.82934E2,1.2802628E-1,2.4988974E-2,-4.205159E-2],"split_indices":[14,1,0,0,0],"split_type":[0,0,0,0,0],"sum_hessian":[7.4406295E0,4.7371087E0,2.7035208E0,2.2451665E0,2.4919422E0],"tree_param":{"num_deleted":"0","num_feature":"23","num_nodes":"5","size_leaf_vector":"1"}},{"base_weights":[-1.2124499E-1,4.119654E-2,-8.470903E-2],"categories":[],"categories_nodes":[],"categories_segments":[],"categories_sizes":[],"default_left":[0,0,0],"id":46,"left_children":[1,-1,-1],"loss_changes":[9.1884744E-1,0E0,0E0],"parents":[2147483647,0,0],"right_children":[2,-1,-1],"split_conditions":[7.66E1,4.119654E-2,-8.470903E-2],"split_indices":[18,0,0],"split_type":[0,0,0],"sum_hessian":[7.086252E0,3.5755122E0,3.5107403E0],"tree_param":{"num_deleted":"0","num_feature":"23","num_nodes":"3","size_leaf_vector":"1"}},{"base_weights":[-1.2616091E-2,-2.6674208E-1,3.0686238E-1,-4.4211882E-1,2.6459057E-2,-5.36053E-3,9.824921E-2,-1.3043951E-2,-1.2856457E-1],"categories":[],"categories_nodes":[],"categories_segments":[],"categories_sizes":[],"default_left":[0,0,0,0,0,0,0,0,0],"id":47,"left_children":[1,3,5,7,-1,-1,-1,-1,-1],"loss_changes":[1.1901703E0,6.340534E-1,4.3455303E-1,4.236729E-1,0E0,0E0,0E0,0E0,0E0],"parents":[2147483647,0,0,1,1,2,2,3,3],"right_children":[2,4,6,8,-1,-1,-1,-1,-1],"split_conditions":[3.968657E4,4.1996E1,1.385E3,1.6299E1,2.6459057E-2,-5.36053E-3,9.824921E-2,-1.3043951E-2,-1.2856457E-1],"split_indices":[11,0,10,0,0,0,0,0,0],"split_type":[0,0,0,0,0,0,0,0,0],"sum_hessian":[1.265329E1,7.146482E0,5.506808E0,4.909307E0,2.2371745E0,2.3208723E0,3.1859357E0,2.248787E0,2.6605203E0],"tree_param":{"num_deleted":"0","num_feature":"23","num_nodes":"9","size_leaf_vector":"1"}},{"base_weights":[9.463751E-2,-7.77242E-2,3.4460863E-1,1.01849936E-1,9.983233E-3],"categories":[],"categories_nodes":[],"categories_segments":[],"categories_sizes":[],"default_left":[0,0,0,0,0],"id":48,"left_children":[1,-1,3,-1,-1],"loss_changes":[1.2247173E0,0E0,2.9866046E-1,0E0,0E0],"parents":[2147483647,0,0,2,2],"right_children":[2,-1,4,-1,-1],"split_conditions":[1.75314E2,-7.77242E-2,1.53369E2,1.01849936E-1,9.983233E-3],"split_indices":[9,0,8,0,0],"split_type":[0,0,0,0,0],"sum_hessian":[7.8910284E0,2.4643438E0,5.426685E0,2.9251783E0,2.5015066E0],"tree_param":{"num_deleted":"0","num_feature":"23","num_nodes":"5","size_leaf_vector":"1"}},{"base_weights":[3.7651256E-2,6.712142E-2,-8.0562696E-2],"categories":[],"categories_nodes":[],"categories_segments":[],"categories_sizes":[],"default_left":[0,0,0],"id":49,"left_children":[1,-1,-1],"loss_changes":[1.1584836E0,0E0,0E0],"parents":[2147483647,0,0],"right_children":[2,-1,-1],"split_conditions":[3.968657E4,6.712142E-2,-8.0562696E-2],"split_indices":[11,0,0],"split_type":[0,0,0],"sum_hessian":[6.501517E0,4.019148E0,2.482369E0],"tree_param":{"num_deleted":"0","num_feature":"23","num_nodes":"3","size_leaf_vector":"1"}},{"base_weights":[-3.3469047E-2,-7.445964E-2,1.643811E-1,7.3470354E-2,-3.5904165E-2],"categories":[],"categories_nodes":[],"categories_segments":[],"categories_sizes":[],"default_left":[0,0,0,0,0],"id":50,"left_children":[1,-1,3,-1,-1],"loss_changes":[8.4993166E-1,0E0,6.5067184E-1,0E0,0E0],"parents":[2147483647,0,0,2,2],"right_children":[2,-1,4,-1,-1],"split_conditions":[7.8943E1,-7.445964E-2,1.077E2,7.3470354E-2,-3.5904165E-2],"split_indices":[14,0,7,0,0],"split_type":[0,0,0,0,0],"sum_hessian":[1.0521854E1,3.5083048E0,7.01355E0,4.3346505E0,2.6788995E0],"tree_param":{"num_deleted":"0","num_feature":"23","num_nodes":"5","size_leaf_vector":"1"}},{"base_weights":[-4.235333E-2,6.695348E-2,-2.6403883E-1,-8.197879E-2,3.0671892E-4],"categories":[],"categories_nodes":[],"categories_segments":[],"categories_sizes":[],"default_left":[0,0,0,0,0],"id":51,"left_children":[1,-1,3,-1,-1],"loss_changes":[8.402581E-1,0E0,2.528416E-1,0E0,0E0],"parents":[2147483647,0,0,2,2],"right_children":[2,-1,4,-1,-1],"split_conditions":[6.72E2,6.695348E-2,9.4798E1,-8.197879E-2,3.0671892E-4],"split_indices":[5,0,2,0,0],"split_type":[0,0,0,0,0],"sum_hessian":[7.8456454E0,2.6740081E0,5.1716375E0,2.930968E0,2.2406693E0],"tree_param":{"num_deleted":"0","num_feature":"23","num_nodes":"5","size_leaf_vector":"1"}},{"base_weights":[-1.4075531E-1,1.7668428E-2,-7.6198734E-2],"categories":[],"categories_nodes":[],"categories_segments":[],"categories_sizes":[],"default_left":[0,0,0],"id":52,"left_children":[1,-1,-1],"loss_changes":[4.3014365E-1,0E0,0E0],"parents":[2147483647,0,0],"right_children":[2,-1,-1],"split_conditions":[7.92055E1,1.7668428E-2,-7.6198734E-2],"split_indices":[15,0,0],"split_type":[0,0,0],"sum_hessian":[5.9275255E0,3.3839686E0,2.5435567E0],"tree_param":{"num_deleted":"0","num_feature":"23","num_nodes":"3","size_leaf_vector":"1"}},{"base_weights":[-4.518249E-3,-1.4807348E-1,8.9004345E-2,6.3730694E-2,-8.971554E-2,-6.313477E-2,6.0904145E-2],"categories":[],"categories_nodes":[],"categories_segments":[],"categories_sizes":[],"default_left":[0,0,0,0,0,0,0],"id":53,"left_children":[1,3,-1,5,-1,-1,-1],"loss_changes":[9.778415E-1,7.705959E-1,0E0,8.1757283E-1,0E0,0E0,0E0],"parents":[2147483647,0,0,1,1,3,3],"right_children":[2,4,-1,6,-1,-1,-1],"split_conditions":[6.36655E1,4.32255E1,8.9004345E-2,4.4552E1,-8.971554E-2,-6.313477E-2,6.0904145E-2],"split_indices":[13,13,0,1,0,0,0],"split_type":[0,0,0,0,0,0,0],"sum_hessian":[1.2899203E1,1.03376E1,2.5616038E0,6.5886374E0,3.7489622E0,2.443882E0,4.144756E0],"tree_param":{"num_deleted":"0","num_feature":"23","num_nodes":"7","size_leaf_vector":"1"}},{"base_weights":[-8.052936E-2,4.87227E-2,-6.15294E-2],"categories":[],"categories_nodes":[],"categories_segments":[],"categories_sizes":[],"default_left":[0,0,0],"id":54,"left_children":[1,-1,-1],"loss_changes":[5.918981E-1,0E0,0E0],"parents":[2147483647,0,0],"right_children":[2,-1,-1],"split_conditions":[7.225E2,4.87227E-2,-6.15294E-2],"split_indices":[16,0,0],"split_type":[0,0,0],"sum_hessian":[5.7402263E0,2.3442411E0,3.3959851E0],"tree_param":{"num_deleted":"0","num_feature":"23","num_nodes":"3","size_leaf_vector":"1"}},{"base_weights":[4.1787125E-2,5.649724E-2,-7.3336735E-2],"categories":[],"categories_nodes":[],"categories_segments":[],"categories_sizes":[],"default_left":[0,0,0],"id":55,"left_children":[1,-1,-1],"loss_changes":[9.086329E-1,0E0,0E0],"parents":[2147483647,0,0],"right_children":[2,-1,-1],"split_conditions":[1.465645E2,5.649724E-2,-7.3336735E-2],"split_indices":[14,0,0],"split_type":[0,0,0],"sum_hessian":[6.875889E0,4.5182E0,2.3576891E0],"tree_param":{"num_deleted":"0","num_feature":"23","num_nodes":"3","size_leaf_vector":"1"}},{"base_weights":[-1.03904255E-1,4.824095E-2,-2.878331E-1,-9.168812E-2,6.4036692E-3],"categories":[],"categories_nodes":[],"categories_segments":[],"categories_sizes":[],"default_left":[0,0,0,0,0],"id":56,"left_children":[1,-1,3,-1,-1],"loss_changes":[6.659418E-1,0E0,3.9059865E-1,0E0,0E0],"parents":[2147483647,0,0,2,2],"right_children":[2,-1,4,-1,-1],"split_conditions":[1.52338E2,4.824095E-2,7.265E2,-9.168812E-2,6.4036692E-3],"split_indices":[9,0,16,0,0],"split_type":[0,0,0,0,0],"sum_hessian":[8.266159E0,2.7290218E0,5.5371375E0,3.272481E0,2.2646565E0],"tree_param":{"num_deleted":"0","num_feature":"23","num_nodes":"5","size_leaf_vector":"1"}},{"base_weights":[-5.4468665E-2,-7.710914E-2,4.41328E-2],"categories":[],"categories_nodes":[],"categories_segments":[],"categories_sizes":[],"default_left":[0,0,0],"id":57,"left_children":[1,-1,-1],"loss_changes":[7.8716207E-1,0E0,0E0],"parents":[2147483647,0,0],"right_children":[2,-1,-1],"split_conditions":[9.1915E1,-7.710914E-2,4.41328E-2],"split_indices":[15,0,0],"split_type":[0,0,0],"sum_hessian":[6.4181128E0,2.7262208E0,3.6918921E0],"tree_param":{"num_deleted":"0","num_feature":"23","num_nodes":"3","size_leaf_vector":"1"}},{"base_weights":[-5.0677426E-2,-5.8577813E-2,4.69516E-2],"categories":[],"categories_nodes":[],"categories_segments":[],"categories_sizes":[],"default_left":[0,0,0],"id":58,"left_children":[1,-1,-1],"loss_changes":[5.0884765E-1,0E0,0E0],"parents":[2147483647,0,0],"right_children":[2,-1,-1],"split_conditions":[1.4E2,-5.8577813E-2,4.69516E-2],"split_indices":[17,0,0],"split_type":[0,0,0],"sum_hessian":[5.1150603E0,2.7506676E0,2.3643925E0],"tree_param":{"num_deleted":"0","num_feature":"23","num_nodes":"3","size_leaf_vector":"1"}},{"base_weights":[7.966189E-2,-5.5229336E-2,2.1773525E-1,9.0225674E-2,-2.792889E-2],"categories":[],"categories_nodes":[],"categories_segments":[],"categories_sizes":[],"default_left":[0,0,0,0,0],"id":59,"left_children":[1,-1,3,-1,-1],"loss_changes":[5.830794E-1,0E0,7.7383804E-1,0E0,0E0],"parents":[2147483647,0,0,2,2],"right_children":[2,-1,4,-1,-1],"split_conditions":[4.7111E1,-5.5229336E-2,9.1915E1,9.0225674E-2,-2.792889E-2],"split_indices":[2,0,15,0,0],"split_type":[0,0,0,0,0],"sum_hessian":[9.490774E0,2.33383E0,7.156944E0,4.127318E0,3.029626E0],"tree_param":{"num_deleted":"0","num_feature":"23","num_nodes":"5","size_leaf_vector":"1"}},{"base_weights":[5.0394356E-2,6.77169E-2,-4.938625E-2],"categories":[],"categories_nodes":[],"categories_segments":[],"categories_sizes":[],"default_left":[0,0,0],"id":60,"left_children":[1,-1,-1],"loss_changes":[7.3080385E-1,0E0,0E0],"parents":[2147483647,0,0],"right_children":[2,-1,-1],"split_conditions":[7.2E2,6.77169E-2,-4.938625E-2],"split_indices":[5,0,0],"split_type":[0,0,0],"sum_hessian":[6.265498E0,3.107534E0,3.1579642E0],"tree_param":{"num_deleted":"0","num_feature":"23","num_nodes":"3","size_leaf_vector":"1"}},{"base_weights":[-1.664095E-2,4.4397455E-2,-7.2049856E-2],"categories":[],"categories_nodes":[],"categories_segments":[],"categories_sizes":[],"default_left":[0,0,0],"id":61,"left_children":[1,-1,-1],"loss_changes":[6.848603E-1,0E0,0E0],"parents":[2147483647,0,0],"right_children":[2,-1,-1],"split_conditions":[1.465645E2,4.4397455E-2,-7.2049856E-2],"split_indices":[14,0,0],"split_type":[0,0,0],"sum_hessian":[6.0960937E0,3.8030376E0,2.293056E0],"tree_param":{"num_deleted":"0","num_feature":"23","num_nodes":"3","size_leaf_vector":"1"}},{"base_weights":[-1.3461694E-4,-8.367896E-2,1.9641796E-1,9.812074E-2,-6.451901E-2],"categories":[],"categories_nodes":[],"categories_segments":[],"categories_sizes":[],"default_left":[0,0,0,0,0],"id":62,"left_children":[1,-1,3,-1,-1],"loss_changes":[8.7759185E-1,0E0,1.3013651E0,0E0,0E0],"parents":[2147483647,0,0,2,2],"right_children":[2,-1,4,-1,-1],"split_conditions":[4.2792E1,-8.367896E-2,3.698E1,9.812074E-2,-6.451901E-2],"split_indices":[2,0,12,0,0],"split_type":[0,0,0,0,0],"sum_hessian":[8.485735E0,2.320219E0,6.1655154E0,3.9459763E0,2.2195394E0],"tree_param":{"num_deleted":"0","num_feature":"23","num_nodes":"5","size_leaf_vector":"1"}},{"base_weights":[1.0230194E-1,6.1806995E-2,-3.7675217E-2],"categories":[],"categories_nodes":[],"categories_segments":[],"categories_sizes":[],"default_left":[0,0,0],"id":63,"left_children":[1,-1,-1],"loss_changes":[5.0404125E-1,0E0,0E0],"parents":[2147483647,0,0],"right_children":[2,-1,-1],"split_conditions":[7.2E2,6.1806995E-2,-3.7675217E-2],"split_indices":[5,0,0],"split_type":[0,0,0],"sum_hessian":[6.116243E0,3.5208864E0,2.5953565E0],"tree_param":{"num_deleted":"0","num_feature":"23","num_nodes":"3","size_leaf_vector":"1"}},{"base_weights":[8.897064E-2,8.87582E-2,-4.476775E-2],"categories":[],"categories_nodes":[],"categories_segments":[],"categories_sizes":[],"default_left":[0,0,0],"id":64,"left_children":[1,-1,-1],"loss_changes":[1.0166094E0,0E0,0E0],"parents":[2147483647,0,0],"right_children":[2,-1,-1],"split_conditions":[6.338E1,8.87582E-2,-4.476775E-2],"split_indices":[8,0,0],"split_type":[0,0,0],"sum_hessian":[6.9574547E0,3.0518975E0,3.9055572E0],"tree_param":{"num_deleted":"0","num_feature":"23","num_nodes":"3","size_leaf_vector":"1"}},{"base_weights":[-1.1641186E-2,-6.4429045E-2,4.832931E-2],"categories":[],"categories_nodes":[],"categories_segments":[],"categories_sizes":[],"default_left":[0,0,0],"id":65,"left_children":[1,-1,-1],"loss_changes":[9.456367E-1,0E0,0E0],"parents":[2147483647,0,0],"right_children":[2,-1,-1],"split_conditions":[1.38254E2,-6.4429045E-2,4.832931E-2],"split_indices":[1,0,0],"split_type":[0,0,0],"sum_hessian":[9.632855E0,4.208918E0,5.423937E0],"tree_param":{"num_deleted":"0","num_feature":"23","num_nodes":"3","size_leaf_vector":"1"}},{"base_weights":[1.5398861E-1,-4.838723E-2,8.0287516E-2],"categories":[],"categories_nodes":[],"categories_segments":[],"categories_sizes":[],"default_left":[0,0,0],"id":66,"left_children":[1,-1,-1],"loss_changes":[8.234656E-1,0E0,0E0],"parents":[2147483647,0,0],"right_children":[2,-1,-1],"split_conditions":[1.91094E2,-4.838723E-2,8.0287516E-2],"split_indices":[9,0,0],"split_type":[0,0,0],"sum_hessian":[6.1014915E0,2.377472E0,3.7240193E0],"tree_param":{"num_deleted":"0","num_feature":"23","num_nodes":"3","size_leaf_vector":"1"}},{"base_weights":[-8.757092E-2,4.1768573E-2,-8.2225405E-2],"categories":[],"categories_nodes":[],"categories_segments":[],"categories_sizes":[],"default_left":[0,0,0],"id":67,"left_children":[1,-1,-1],"loss_changes":[7.9304975E-1,0E0,0E0],"parents":[2147483647,0,0],"right_children":[2,-1,-1],"split_conditions":[8.2E1,4.1768573E-2,-8.2225405E-2],"split_indices":[7,0,0],"split_type":[0,0,0],"sum_hessian":[6.094284E0,3.3758807E0,2.7184036E0],"tree_param":{"num_deleted":"0","num_feature":"23","num_nodes":"3","size_leaf_vector":"1"}},{"base_weights":[-4.3922815E-2,3.6951654E-2,-6.7163244E-2],"categories":[],"categories_nodes":[],"categories_segments":[],"categories_sizes":[],"default_left":[0,0,0],"id":68,"left_children":[1,-1,-1],"loss_changes":[7.2501177E-1,0E0,0E0],"parents":[2147483647,0,0],"right_children":[2,-1,-1],"split_conditions":[1.36E2,3.6951654E-2,-6.7163244E-2],"split_indices":[17,0,0],"split_type":[0,0,0],"sum_hessian":[8.569642E0,5.0167403E0,3.552902E0],"tree_param":{"num_deleted":"0","num_feature":"23","num_nodes":"3","size_leaf_vector":"1"}},{"base_weights":[9.066718E-2,-4.970764E-2,7.197674E-2],"categories":[],"categories_nodes":[],"categories_segments":[],"categories_sizes":[],"default_left":[0,0,0],"id":69,"left_children":[1,-1,-1],"loss_changes":[6.8108124E-1,0E0,0E0],"parents":[2147483647,0,0],"right_children":[2,-1,-1],"split_conditions":[1.88161E2,-4.970764E-2,7.197674E-2],"split_indices":[9,0,0],"split_type":[0,0,0],"sum_hessian":[5.2195587E0,2.3524787E0,2.86708E0],"tree_param":{"num_deleted":"0","num_feature":"23","num_nodes":"3","size_leaf_vector":"1"}},{"base_weights":[1.1860992E-1,-3.9423E-2,6.616304E-2],"categories":[],"categories_nodes":[],"categories_segments":[],"categories_sizes":[],"default_left":[0,0,0],"id":70,"left_children":[1,-1,-1],"loss_changes":[5.868792E-1,0E0,0E0],"parents":[2147483647,0,0],"right_children":[2,-1,-1],"split_conditions":[1.9278E1,-3.9423E-2,6.616304E-2],"split_indices":[0,0,0],"split_type":[0,0,0],"sum_hessian":[6.4655175E0,2.6479108E0,3.8176067E0],"tree_param":{"num_deleted":"0","num_feature":"23","num_nodes":"3","size_leaf_vector":"1"}},{"base_weights":[-9.273431E-2,4.8550967E-2,-6.326606E-2],"categories":[],"categories_nodes":[],"categories_segments":[],"categories_sizes":[],"default_left":[0,0,0],"id":71,"left_children":[1,-1,-1],"loss_changes":[8.1071377E-1,0E0,0E0],"parents":[2147483647,0,0],"right_children":[2,-1,-1],"split_conditions":[1.066E0,4.8550967E-2,-6.326606E-2],"split_indices":[21,0,0],"split_type":[0,0,0],"sum_hessian":[8.400189E0,3.34415E0,5.056039E0],"tree_param":{"num_deleted":"0","num_feature":"23","num_nodes":"3","size_leaf_vector":"1"}},{"base_weights":[4.0634498E-2],"categories":[],"categories_nodes":[],"categories_segments":[],"categories_sizes":[],"default_left":[0],"id":72,"left_children":[-1],"loss_changes":[0E0],"parents":[2147483647],"right_children":[-1],"split_conditions":[7.991061E-3],"split_indices":[0],"split_type":[0],"sum_hessian":[4.960694E0],"tree_param":{"num_deleted":"0","num_feature":"23","num_nodes":"1","size_leaf_vector":"1"}},{"base_weights":[2.7419858E-2,6.1315276E-2,-4.77408E-2],"categories":[],"categories_nodes":[],"categories_segments":[],"categories_sizes":[],"default_left":[0,0,0],"id":73,"left_children":[1,-1,-1],"loss_changes":[5.510339E-1,0E0,0E0],"parents":[2147483647,0,0],"right_children":[2,-1,-1],"split_conditions":[8.99343E4,6.1315276E-2,-4.77408E-2],"split_indices":[4,0,0],"split_type":[0,0,0],"sum_hessian":[5.183226E0,2.4576154E0,2.7256107E0],"tree_param":{"num_deleted":"0","num_feature":"23","num_nodes":"3","size_leaf_vector":"1"}},{"base_weights":[-3.7644695E-2,7.0026994E-2,-1.8422876E-1,2.1525422E-2,-3.2156113E-1,-9.836368E-2,-2.021372E-2],"categories":[],"categories_nodes":[],"categories_segments":[],"categories_sizes":[],"default_left":[0,0,0,0,0,0,0],"id":74,"left_children":[1,-1,3,-1,5,-1,-1],"loss_changes":[7.358403E-1,0E0,4.0460953E-1,0E0,1.9973463E-1,0E0,0E0],"parents":[2147483647,0,0,2,2,4,4],"right_children":[2,-1,4,-1,6,-1,-1],"split_conditions":[8.795E2,7.0026994E-2,7.0991E1,2.1525422E-2,8.6237E1,-9.836368E-2,-2.021372E-2],"split_indices":[19,0,15,0,2,0,0],"split_type":[0,0,0,0,0,0,0],"sum_hessian":[1.06250515E1,2.4872441E0,8.137807E0,2.6481419E0,5.4896655E0,2.303847E0,3.1858184E0],"tree_param":{"num_deleted":"0","num_feature":"23","num_nodes":"7","size_leaf_vector":"1"}},{"base_weights":[8.286313E-3,-4.511441E-2,6.005074E-2],"categories":[],"categories_nodes":[],"categories_segments":[],"categories_sizes":[],"default_left":[0,0,0],"id":75,"left_children":[1,-1,-1],"loss_changes":[5.285859E-1,0E0,0E0],"parents":[2147483647,0,0],"right_children":[2,-1,-1],"split_conditions":[1.00899506E6,-4.511441E-2,6.005074E-2],"split_indices":[4,0,0],"split_type":[0,0,0],"sum_hessian":[5.4893794E0,3.1683843E0,2.3209949E0],"tree_param":{"num_deleted":"0","num_feature":"23","num_nodes":"3","size_leaf_vector":"1"}},{"base_weights":[6.451691E-2,-2.872173E-2,6.51358E-2],"categories":[],"categories_nodes":[],"categories_segments":[],"categories_sizes":[],"default_left":[0,0,0],"id":76,"left_children":[1,-1,-1],"loss_changes":[4.3741167E-1,0E0,0E0],"parents":[2147483647,0,0],"right_children":[2,-1,-1],"split_conditions":[1.42E2,-2.872173E-2,6.51358E-2],"split_indices":[17,0,0],"split_type":[0,0,0],"sum_hessian":[5.9141846E0,3.549155E0,2.3650293E0],"tree_param":{"num_deleted":"0","num_feature":"23","num_nodes":"3","size_leaf_vector":"1"}},{"base_weights":[-2.333539E-1,-7.571687E-2,6.873195E-3],"categories":[],"categories_nodes":[],"categories_segments":[],"categories_sizes":[],"default_left":[0,0,0],"id":77,"left_children":[1,-1,-1],"loss_changes":[4.119628E-1,0E0,0E0],"parents":[2147483647,0,0],"right_children":[2,-1,-1],"split_conditions":[3.908717E4,-7.571687E-2,6.873195E-3],"split_indices":[11,0,0],"split_type":[0,0,0],"sum_hessian":[8.758134E0,5.327025E0,3.431109E0],"tree_param":{"num_deleted":"0","num_feature":"23","num_nodes":"3","size_leaf_vector":"1"}},{"base_weights":[-3.1618103E-2,4.420055E-2,-5.9055958E-2],"categories":[],"categories_nodes":[],"categories_segments":[],"categories_sizes":[],"default_left":[0,0,0],"id":78,"left_children":[1,-1,-1],"loss_changes":[4.6751344E-1,0E0,0E0],"parents":[2147483647,0,0],"right_children":[2,-1,-1],"split_conditions":[3.908717E4,4.420055E-2,-5.9055958E-2],"split_indices":[11,0,0],"split_type":[0,0,0],"sum_hessian":[4.8026886E0,2.533525E0,2.2691636E0],"tree_param":{"num_deleted":"0","num_feature":"23","num_nodes":"3","size_leaf_vector":"1"}},{"base_weights":[1.417024E-1,-2.7642999E-2,6.225629E-2],"categories":[],"categories_nodes":[],"categories_segments":[],"categories_sizes":[],"default_left":[0,0,0],"id":79,"left_children":[1,-1,-1],"loss_changes":[3.780551E-1,0E0,0E0],"parents":[2147483647,0,0],"right_children":[2,-1,-1],"split_conditions":[1.1955E3,-2.7642999E-2,6.225629E-2],"split_indices":[19,0,0],"split_type":[0,0,0],"sum_hessian":[5.7431116E0,2.2630901E0,3.4800217E0],"tree_param":{"num_deleted":"0","num_feature":"23","num_nodes":"3","size_leaf_vector":"1"}},{"base_weights":[-1.1226093E-1,-2.6497602E-1,3.7465546E-2,-9.5417954E-2,-4.449417E-3],"categories":[],"categories_nodes":[],"categories_segments":[],"categories_sizes":[],"default_left":[0,0,0,0,0],"id":80,"left_children":[1,3,-1,-1,-1],"loss_changes":[4.5681143E-1,3.2129154E-1,0E0,0E0,0E0],"parents":[2147483647,0,0,1,1],"right_children":[2,4,-1,-1,-1],"split_conditions":[3.052E0,8.0571E1,3.7465546E-2,-9.5417954E-2,-4.449417E-3],"split_indices":[22,2,0,0,0],"split_type":[0,0,0,0,0],"sum_hessian":[7.781254E0,5.2642746E0,2.5169795E0,2.2242653E0,3.0400093E0],"tree_param":{"num_deleted":"0","num_feature":"23","num_nodes":"5","size_leaf_vector":"1"}},{"base_weights":[3.3785786E-2,-5.1322635E-2,4.9743153E-2],"categories":[],"categories_nodes":[],"categories_segments":[],"categories_sizes":[],"default_left":[0,0,0],"id":81,"left_children":[1,-1,-1],"loss_changes":[5.15243E-1,0E0,0E0],"parents":[2147483647,0,0],"right_children":[2,-1,-1],"split_conditions":[4.4048E1,-5.1322635E-2,4.9743153E-2],"split_indices":[13,0,0],"split_type":[0,0,0],"sum_hessian":[5.95463E0,2.4500415E0,3.5045884E0],"tree_param":{"num_deleted":"0","num_feature":"23","num_nodes":"3","size_leaf_vector":"1"}},{"base_weights":[6.8711345E-3,-4.095344E-2,5.836021E-2],"categories":[],"categories_nodes":[],"categories_segments":[],"categories_sizes":[],"default_left":[0,0,0],"id":82,"left_children":[1,-1,-1],"loss_changes":[5.086942E-1,0E0,0E0],"parents":[2147483647,0,0],"right_children":[2,-1,-1],"split_conditions":[1.697E3,-4.095344E-2,5.836021E-2],"split_indices":[19,0,0],"split_type":[0,0,0],"sum_hessian":[6.1604867E0,3.6899185E0,2.4705682E0],"tree_param":{"num_deleted":"0","num_feature":"23","num_nodes":"3","size_leaf_vector":"1"}},{"base_weights":[8.44374E-2,-2.3706159E-2,5.225228E-2],"categories":[],"categories_nodes":[],"categories_segments":[],"categories_sizes":[],"default_left":[0,0,0],"id":83,"left_children":[1,-1,-1],"loss_changes":[3.6062962E-1,0E0,0E0],"parents":[2147483647,0,0],"right_children":[2,-1,-1],"split_conditions":[3.255314E4,-2.3706159E-2,5.225228E-2],"split_indices":[11,0,0],"split_type":[0,0,0],"sum_hessian":[7.8278575E0,3.8202727E0,4.007585E0],"tree_param":{"num_deleted":"0","num_feature":"23","num_nodes":"3","size_leaf_vector":"1"}},{"base_weights":[4.548081E-2,-5.2728053E-2,5.2616116E-2],"categories":[],"categories_nodes":[],"categories_segments":[],"categories_sizes":[],"default_left":[0,0,0],"id":84,"left_children":[1,-1,-1],"loss_changes":[6.0858315E-1,0E0,0E0],"parents":[2147483647,0,0],"right_children":[2,-1,-1],"split_conditions":[4.8312878E5,-5.2728053E-2,5.2616116E-2],"split_indices":[4,0,0],"split_type":[0,0,0],"sum_hessian":[6.7086577E0,2.6876214E0,4.0210366E0],"tree_param":{"num_deleted":"0","num_feature":"23","num_nodes":"3","size_leaf_vector":"1"}},{"base_weights":[-1.34188E-1],"categories":[],"categories_nodes":[],"categories_segments":[],"categories_sizes":[],"default_left":[0],"id":85,"left_children":[-1],"loss_changes":[0E0],"parents":[2147483647],"right_children":[-1],"split_conditions":[-2.6389018E-2],"split_indices":[0],"split_type":[0],"sum_hessian":[4.2962255E0],"tree_param":{"num_deleted":"0","num_feature":"23","num_nodes":"1","size_leaf_vector":"1"}},{"base_weights":[-3.827443E-2,4.0747836E-2,-6.354173E-2],"categories":[],"categories_nodes":[],"categories_segments":[],"categories_sizes":[],"default_left":[0,0,0],"id":86,"left_children":[1,-1,-1],"loss_changes":[6.5391654E-1,0E0,0E0],"parents":[2147483647,0,0],"right_children":[2,-1,-1],"split_conditions":[1.077E2,4.0747836E-2,-6.354173E-2],"split_indices":[7,0,0],"split_type":[0,0,0],"sum_hessian":[7.388058E0,4.106915E0,3.2811434E0],"tree_param":{"num_deleted":"0","num_feature":"23","num_nodes":"3","size_leaf_vector":"1"}},{"base_weights":[9.251995E-2,7.171313E-2,-8.2549535E-2,-8.3579116E-2,5.5485666E-2],"categories":[],"categories_nodes":[],"categories_segments":[],"categories_sizes":[],"default_left":[0,0,0,0,0],"id":87,"left_children":[1,-1,3,-1,-1],"loss_changes":[4.2586368E-1,0E0,8.5066485E-1,0E0,0E0],"parents":[2147483647,0,0,2,2],"right_children":[2,-1,4,-1,-1],"split_conditions":[6.72E2,7.171313E-2,1.1875E3,-8.3579116E-2,5.5485666E-2],"split_indices":[5,0,19,0,0],"split_type":[0,0,0,0,0],"sum_hessian":[7.2826443E0,2.436082E0,4.846562E0,2.4199743E0,2.4265878E0],"tree_param":{"num_deleted":"0","num_feature":"23","num_nodes":"5","size_leaf_vector":"1"}},{"base_weights":[1.0044416E-1,-1.9453902E-2,4.695503E-2],"categories":[],"categories_nodes":[],"categories_segments":[],"categories_sizes":[],"default_left":[0,0,0],"id":88,"left_children":[1,-1,-1],"loss_changes":[2.1400169E-1,0E0,0E0],"parents":[2147483647,0,0],"right_children":[2,-1,-1],"split_conditions":[2.422E0,-1.9453902E-2,4.695503E-2],"split_indices":[21,0,0],"split_type":[0,0,0],"sum_hessian":[5.883093E0,2.514431E0,3.368662E0],"tree_param":{"num_deleted":"0","num_feature":"23","num_nodes":"3","size_leaf_vector":"1"}},{"base_weights":[3.2825544E-2,6.2474683E-2,-1.6797689E-1,-6.0194027E-2,1.23001905E-2],"categories":[],"categories_nodes":[],"categories_segments":[],"categories_sizes":[],"default_left":[0,0,0,0,0],"id":89,"left_children":[1,-1,3,-1,-1],"loss_changes":[6.478149E-1,0E0,2.3456246E-1,0E0,0E0],"parents":[2147483647,0,0,2,2],"right_children":[2,-1,4,-1,-1],"split_conditions":[1.74694E2,6.2474683E-2,3E1,-6.0194027E-2,1.23001905E-2],"split_indices":[9,0,12,0,0],"split_type":[0,0,0,0,0],"sum_hessian":[9.381845E0,3.6467469E0,5.7350984E0,3.392468E0,2.3426304E0],"tree_param":{"num_deleted":"0","num_feature":"23","num_nodes":"5","size_leaf_vector":"1"}},{"base_weights":[5.8451407E-2,6.797229E-2,-3.4800477E-2],"categories":[],"categories_nodes":[],"categories_segments":[],"categories_sizes":[],"default_left":[0,0,0],"id":90,"left_children":[1,-1,-1],"loss_changes":[5.188005E-1,0E0,0E0],"parents":[2147483647,0,0],"right_children":[2,-1,-1],"split_conditions":[6.72E2,6.797229E-2,-3.4800477E-2],"split_indices":[5,0,0],"split_type":[0,0,0],"sum_hessian":[5.758904E0,2.3910296E0,3.3678741E0],"tree_param":{"num_deleted":"0","num_feature":"23","num_nodes":"3","size_leaf_vector":"1"}},{"base_weights":[3.138642E-2,-3.9846446E-2,4.6620898E-2],"categories":[],"categories_nodes":[],"categories_segments":[],"categories_sizes":[],"default_left":[0,0,0],"id":91,"left_children":[1,-1,-1],"loss_changes":[3.779122E-1,0E0,0E0],"parents":[2147483647,0,0],"right_children":[2,-1,-1],"split_conditions":[1.42E2,-3.9846446E-2,4.6620898E-2],"split_indices":[17,0,0],"split_type":[0,0,0],"sum_hessian":[5.850935E0,2.7347283E0,3.1162066E0],"tree_param":{"num_deleted":"0","num_feature":"23","num_nodes":"3","size_leaf_vector":"1"}},{"base_weights":[7.832468E-2,-1.7084368E-1,7.752224E-2,-7.713189E-2,1.590346E-2],"categories":[],"categories_nodes":[],"categories_segments":[],"categories_sizes":[],"default_left":[0,0,0,0,0],"id":92,"left_children":[1,3,-1,-1,-1],"loss_changes":[7.773621E-1,3.5210615E-1,0E0,0E0,0E0],"parents":[2147483647,0,0,1,1],"right_children":[2,4,-1,-1,-1],"split_conditions":[2.9254025E5,7.4505E1,7.752224E-2,-7.713189E-2,1.590346E-2],"split_indices":[4,2,0,0,0],"split_type":[0,0,0,0,0],"sum_hessian":[8.009558E0,4.7270513E0,3.282507E0,2.2267067E0,2.5003443E0],"tree_param":{"num_deleted":"0","num_feature":"23","num_nodes":"5","size_leaf_vector":"1"}},{"base_weights":[-4.936987E-2,4.426411E-2,-7.684849E-2],"categories":[],"categories_nodes":[],"categories_segments":[],"categories_sizes":[],"default_left":[0,0,0],"id":93,"left_children":[1,-1,-1],"loss_changes":[7.163649E-1,0E0,0E0],"parents":[2147483647,0,0],"right_children":[2,-1,-1],"split_conditions":[6.99E2,4.426411E-2,-7.684849E-2],"split_indices":[5,0,0],"split_type":[0,0,0],"sum_hessian":[5.6994643E0,3.341814E0,2.3576503E0],"tree_param":{"num_deleted":"0","num_feature":"23","num_nodes":"3","size_leaf_vector":"1"}},{"base_weights":[-2.5882054E-2],"categories":[],"categories_nodes":[],"categories_segments":[],"categories_sizes":[],"default_left":[0],"id":94,"left_children":[-1],"loss_changes":[0E0],"parents":[2147483647],"right_children":[-1],"split_conditions":[-5.089889E-3],"split_indices":[0],"split_type":[0],"sum_hessian":[4.5148945E0],"tree_param":{"num_deleted":"0","num_feature":"23","num_nodes":"1","size_leaf_vector":"1"}},{"base_weights":[1.0490315E-1,5.341408E-2,-3.283215E-2],"categories":[],"categories_nodes":[],"categories_segments":[],"categories_sizes":[],"default_left":[0,0,0],"id":95,"left_children":[1,-1,-1],"loss_changes":[4.1091892E-1,0E0,0E0],"parents":[2147483647,0,0],"right_children":[2,-1,-1],"split_conditions":[1.537E3,5.341408E-2,-3.283215E-2],"split_indices":[19,0,0],"split_type":[0,0,0],"sum_hessian":[7.057091E0,4.384354E0,2.672737E0],"tree_param":{"num_deleted":"0","num_feature":"23","num_nodes":"3","size_leaf_vector":"1"}}]},"name":"gbtree"},"learner_model_param":{"base_score":"[-5.438037E-1,-5.438037E-1,1.0876075E0]","boost_from_average":"1","num_class":"3","num_feature":"23","num_target":"1"},"objective":{"name":"multi:softprob","softmax_multiclass_param":{"num_class":"3"}}},"version":[3,2,0]}